{"cameraMode":{"drawMode":0,"name":"Shaded","section":"Shading Mode"},"sceneLighting":true,"audioPlay":false,"sceneViewState":{"showFog":false,"showMaterialUpdate":false,"showSkybox":false,"showFlares":false,"showImageEffects":false,"showParticleSystems":true},"in2DMode":false,"pivot":{"x":0.3170495629310608,"y":1.0099999904632569,"z":1.4580386877059937},"rotation":{"x":-0.18685348331928254,"y":-0.744539201259613,"z":0.23301634192466737,"w":-0.5970417857170105},"size":1.264611005783081,"orthographic":false}