{"cameraMode":{"drawMode":0,"name":"Shaded","section":"Shading Mode"},"sceneLighting":true,"audioPlay":false,"sceneViewState":{"showFog":false,"showMaterialUpdate":false,"showSkybox":false,"showFlares":false,"showImageEffects":false,"showParticleSystems":true},"in2DMode":false,"pivot":{"x":0.7021421194076538,"y":1.0970549583435059,"z":1.9309003353118897},"rotation":{"x":-0.4376470148563385,"y":-0.03316636011004448,"z":0.01615867204964161,"w":-0.8983941674232483},"size":0.3306402266025543,"orthographic":false}