{"cameraMode":{"drawMode":0,"name":"Shaded","section":"Shading Mode"},"sceneLighting":true,"audioPlay":false,"sceneViewState":{"showFog":false,"showMaterialUpdate":false,"showSkybox":false,"showFlares":false,"showImageEffects":false,"showParticleSystems":true},"in2DMode":false,"pivot":{"x":-0.45418739318847659,"y":-2.4932994842529299,"z":1.8886810541152955},"rotation":{"x":-0.18907715380191804,"y":-0.4010506272315979,"z":0.08498172461986542,"w":-0.8923004269599915},"size":3.035355567932129,"orthographic":false}